{
  "Total" : {
    "transaction" : "Total",
    "sampleCount" : 200,
    "errorCount" : 0,
    "errorPct" : 0.0,
    "meanResTime" : 451.1000000000004,
    "medianResTime" : 260.0,
    "minResTime" : 238.0,
    "maxResTime" : 3763.0,
    "pct1ResTime" : 661.6000000000001,
    "pct2ResTime" : 1032.8999999999996,
    "pct3ResTime" : 3663.580000000004,
    "throughput" : 2.790840461605012,
    "receivedKBytesPerSec" : 26.796429119629376,
    "sentKBytesPerSec" : 0.31887532617947895
  },
  "HTTP Request" : {
    "transaction" : "HTTP Request",
    "sampleCount" : 200,
    "errorCount" : 0,
    "errorPct" : 0.0,
    "meanResTime" : 451.1000000000004,
    "medianResTime" : 260.0,
    "minResTime" : 238.0,
    "maxResTime" : 3763.0,
    "pct1ResTime" : 661.6000000000001,
    "pct2ResTime" : 1032.8999999999996,
    "pct3ResTime" : 3663.580000000004,
    "throughput" : 2.790840461605012,
    "receivedKBytesPerSec" : 26.796429119629376,
    "sentKBytesPerSec" : 0.31887532617947895
  }
}